{
  "model_type": "simple_robust_classifier",
  "model_version": "v1.0",
  "input_shape": [
    64,
    64,
    1
  ],
  "training_info": {
    "total_samples": 100,
    "training_samples": 70,
    "test_samples": 30,
    "final_accuracy": 0.9666666666666667,
    "human_accuracy": 1.0,
    "ai_accuracy": 0.9333333333333333,
    "balanced_accuracy": 0.9666666666666667
  },
  "training_date": "2026-02-04T20:59:41.888037"
}